feature_1,feature_2,mutual_information
pm_pitch_range_min_freq,pm_pitch_range_min_note,2.7791057388259413
pm_pitch_range_max_freq,pm_pitch_range_max_note,2.706337227256813
muspy_pitch_entropy,muspy_pitch_class_entropy,2.346128947054587
muspy_n_pitches_used,muspy_pitch_entropy,2.1749543029505203
pm_length_seconds,pm_tempo_bpm,1.9957317402621775
theory_conjuction_melody_motion,theory_general_tonality,1.8769059946779656
muspy_n_pitch_classes_used,muspy_pitch_class_entropy,1.8527586861560548
muspy_empty_beat_rate,muspy_empty_measure_rate,1.6847510593617145
pm_pitch_range_max_freq,pm_average_pitch_hz,1.5026596977044964
pm_note_count,pm_note_density,1.4809217131913242
pm_pitch_range_max_note,pm_average_pitch_hz,1.471528459144853
muspy_n_pitches_used,muspy_pitch_class_entropy,1.3753307168964763
pm_length_seconds,pm_bar_count,1.3632162845064926
muspy_n_pitches_used,muspy_n_pitch_classes_used,1.3556649894624258
muspy_n_pitch_classes_used,muspy_pitch_entropy,1.3507333742203351
pm_length_seconds,pm_note_density,1.3147528398564639
pm_pitch_range_min_freq,pm_average_pitch_hz,1.2568033082974792
pm_groove,pm_note_density,1.2394722977065498
pm_pitch_range_min_note,pm_average_pitch_hz,1.2272803479171515
pm_energy,pm_note_density,1.218184475622461
pm_length_seconds,muspy_groove_consistency,1.192535083426257
pm_note_density,muspy_groove_consistency,1.1183093505123614
muspy_pitch_range,muspy_pitch_entropy,1.0695352114066075
pm_note_count,muspy_groove_consistency,1.061881574714013
pm_note_density,pm_tempo_bpm,1.0406969915513922
pm_note_count,pm_energy,1.0333490197408342
pm_note_count,muspy_pitch_entropy,1.0078553151752732
pm_average_velocity,pm_tempo_bpm,1.0031206862441353
pm_note_count,pm_groove,0.9778316315337681
pm_note_count,muspy_pitch_class_entropy,0.95704802464964
muspy_pitch_range,muspy_n_pitches_used,0.9561055042275286
pm_interval_range_min,muspy_pitch_range,0.9388202732307813
pm_groove,muspy_groove_consistency,0.9377627915600204
pm_bar_count,muspy_groove_consistency,0.933169461688486
pm_length_seconds,pm_groove,0.9312291828234045
pm_length_seconds,pm_average_velocity,0.9276136805745856
pm_length_seconds,pm_energy,0.8895020664583204
pm_average_polyphony,muspy_empty_measure_rate,0.8696788871479999
pm_average_polyphony,muspy_empty_beat_rate,0.8696788871479999
pm_interval_range_max,muspy_pitch_range,0.8672556209071249
theory_centricity,theory_limited_macroharmony,0.8605881521223284
theory_centricity,theory_general_tonality,0.8584901700919727
theory_centricity,theory_conjuction_melody_motion,0.8454892867688688
pm_average_polyphony,pm_note_density,0.8431502735935252
pm_tempo_bpm,muspy_groove_consistency,0.8375872527226345
pm_note_count,pm_length_seconds,0.8257567100323144
theory_limited_macroharmony,theory_general_tonality,0.8204601444752013
theory_limited_macroharmony,theory_conjuction_melody_motion,0.8148454522322202
muspy_pitch_entropy,theory_centricity,0.8035001078544997
pm_note_count,theory_centricity,0.8014878281347855
pm_groove,pm_tempo_bpm,0.7818403310854483
pm_length_seconds,pm_average_polyphony,0.7729443216447573
pm_average_pitch_hz,muspy_pitch_range,0.756714787806378
pm_note_density,muspy_pitch_entropy,0.7538102150119412
pm_bar_count,pm_tempo_bpm,0.7535587052110491
pm_length_seconds,muspy_pitch_class_entropy,0.7531044440859347
muspy_pitch_class_entropy,muspy_groove_consistency,0.7509599936649525
pm_energy,muspy_groove_consistency,0.7359541361239925
pm_average_velocity,pm_energy,0.730808200927008
pm_note_count,theory_conjuction_melody_motion,0.7263505223505504
pm_interval_range_min,muspy_pitch_entropy,0.7201135934358209
pm_note_count,theory_general_tonality,0.7179473847353863
pm_note_density,muspy_pitch_class_entropy,0.7080596885244899
pm_note_count,theory_limited_macroharmony,0.7061745181873342
pm_average_velocity,pm_note_density,0.6963610572838359
muspy_empty_beat_rate,muspy_groove_consistency,0.6929397173235934
pm_energy,pm_tempo_bpm,0.6923419063113316
pm_groove,muspy_pitch_entropy,0.6889433200834092
muspy_pitch_range,muspy_pitch_class_entropy,0.6880861761948425
muspy_groove_consistency,muspy_empty_measure_rate,0.6858285845649386
pm_energy,pm_groove,0.6730081547826976
pm_note_density,theory_centricity,0.6727622556293174
muspy_pitch_entropy,theory_limited_macroharmony,0.6624985029470043
pm_pitch_range_min_note,pm_pitch_range_max_note,0.6605143007426593
muspy_pitch_entropy,muspy_groove_consistency,0.6559281104182788
muspy_pitch_entropy,theory_general_tonality,0.6542299130222657
pm_pitch_range_min_freq,pm_pitch_range_max_note,0.6540041882721215
pm_note_density,pm_bar_count,0.6499757699281634
pm_groove,pm_average_polyphony,0.6498018426304935
pm_interval_range_min,pm_interval_range_max,0.648633590290562
pm_average_polyphony,muspy_groove_consistency,0.6469625286233982
muspy_pitch_class_entropy,theory_centricity,0.6435419214679268
pm_pitch_range_min_freq,pm_pitch_range_max_freq,0.6415744391318072
pm_average_velocity,muspy_groove_consistency,0.6380322435847292
muspy_n_pitches_used,theory_centricity,0.6363079156688269
pm_note_density,theory_general_tonality,0.6279361848913219
muspy_pitch_entropy,theory_conjuction_melody_motion,0.6277858227051376
pm_interval_range_min,muspy_n_pitches_used,0.6227382672620045
pm_interval_range_max,muspy_pitch_entropy,0.6217387542357011
pm_groove,muspy_pitch_class_entropy,0.614437828215185
pm_note_density,muspy_empty_measure_rate,0.6074623351570585
pm_note_density,muspy_empty_beat_rate,0.6074623351570585
pm_pitch_range_min_note,pm_pitch_range_max_freq,0.6068535324039419
pm_length_seconds,theory_centricity,0.6042153528438012
pm_note_density,theory_conjuction_melody_motion,0.6023414553723994
pm_length_seconds,muspy_empty_measure_rate,0.6009193284085264
pm_length_seconds,muspy_empty_beat_rate,0.6009193284085264
pm_note_count,muspy_n_pitches_used,0.6002722737441379
pm_tempo_bpm,muspy_pitch_class_entropy,0.5973026860409654
pm_average_pitch_hz,pm_tempo_bpm,0.5908313464702037
muspy_n_pitches_used,theory_general_tonality,0.589370741252603
pm_length_seconds,muspy_pitch_entropy,0.5845893716930579
pm_length_seconds,pm_pitch_range_min_note,0.5811006409540802
pm_average_polyphony,pm_tempo_bpm,0.5786656225935101
pm_note_density,muspy_n_pitches_used,0.575482782293375
pm_length_seconds,muspy_n_pitch_classes_used,0.5730112114956825
pm_length_seconds,theory_general_tonality,0.570293625671368
pm_note_count,pm_tempo_bpm,0.5681376392025674
pm_average_polyphony,muspy_polyphony,0.5639252577902076
pm_interval_range_min,theory_conjuction_melody_motion,0.563321247189402
muspy_n_pitches_used,theory_conjuction_melody_motion,0.5610974992370861
pm_average_velocity,pm_groove,0.5605465866154584
pm_pitch_range_max_freq,muspy_pitch_range,0.560338471604795
muspy_pitch_range,muspy_n_pitch_classes_used,0.5594152821585165
muspy_pitch_range,theory_general_tonality,0.5560116288901167
pm_pitch_range_min_note,pm_tempo_bpm,0.5545325602966731
pm_average_pitch_hz,muspy_pitch_entropy,0.5539708648948563
pm_groove,muspy_n_pitches_used,0.5488453573697476
muspy_groove_consistency,theory_centricity,0.5480188154051078
pm_note_count,muspy_n_pitch_classes_used,0.5467504990778504
pm_max_polyphony,muspy_polyphony,0.5450731062021359
pm_bar_count,muspy_pitch_class_entropy,0.5444531497407779
pm_pitch_range_max_note,muspy_pitch_range,0.5400241222204265
pm_note_density,theory_limited_macroharmony,0.5380770222295119
pm_interval_range_min,theory_general_tonality,0.5364563738347807
pm_length_seconds,pm_pitch_range_min_freq,0.5347805213674608
pm_length_seconds,theory_conjuction_melody_motion,0.5286436818540867
pm_energy,pm_average_polyphony,0.5229530522757124
muspy_n_pitches_used,theory_limited_macroharmony,0.5224811722296581
pm_energy,theory_centricity,0.5221968521762648
muspy_pitch_range,theory_conjuction_melody_motion,0.5217811664078789
pm_tempo_bpm,muspy_pitch_entropy,0.5200095009044099
pm_note_density,muspy_pitch_range,0.5193540891817277
pm_max_polyphony,pm_average_polyphony,0.5165194382414366
pm_note_count,pm_bar_count,0.5162262233842041
pm_pitch_range_min_freq,pm_tempo_bpm,0.5133833924657534
pm_average_pitch_hz,muspy_n_pitch_classes_used,0.512047342584613
pm_average_velocity,pm_bar_count,0.5104209739021428
pm_interval_range_max,muspy_n_pitches_used,0.5056488437974047
pm_average_velocity,pm_average_polyphony,0.5054624776766232
pm_average_pitch_hz,muspy_pitch_class_entropy,0.503771787519709
pm_pitch_range_min_note,muspy_pitch_range,0.5011337877552902
pm_pitch_range_min_freq,muspy_pitch_range,0.5002864606485042
pm_average_polyphony,muspy_pitch_range,0.495089331785211
pm_interval_range_max,theory_conjuction_melody_motion,0.48865346493729245
pm_note_count,pm_average_polyphony,0.4836185549592127
pm_interval_range_min,muspy_pitch_class_entropy,0.4819063751743764
pm_length_seconds,muspy_n_pitches_used,0.48160483473178006
muspy_pitch_range,muspy_polyphony,0.48135295786468113
pm_interval_range_min,pm_average_polyphony,0.48077180199840663
pm_note_count,pm_average_velocity,0.47821025766820124
muspy_n_pitch_classes_used,muspy_groove_consistency,0.47354282093750255
pm_groove,muspy_pitch_range,0.47076841607000386
pm_length_seconds,theory_limited_macroharmony,0.47053614334998795
pm_interval_range_max,theory_general_tonality,0.46748986973483264
pm_energy,muspy_pitch_entropy,0.4674290186732457
pm_note_density,muspy_n_pitch_classes_used,0.4639469211115852
muspy_pitch_class_entropy,theory_conjuction_melody_motion,0.4593574283618129
muspy_pitch_class_entropy,theory_limited_macroharmony,0.4571408454973307
muspy_n_pitches_used,muspy_groove_consistency,0.45424683047870706
pm_length_seconds,muspy_pitch_range,0.45354894159438475
pm_average_polyphony,muspy_pitch_entropy,0.45041521376187
pm_tempo_bpm,theory_conjuction_melody_motion,0.44892914721677935
muspy_pitch_class_entropy,theory_general_tonality,0.44875992669950415
pm_energy,theory_general_tonality,0.44872581337575657
muspy_n_pitch_classes_used,theory_centricity,0.448488709076039
muspy_groove_consistency,theory_general_tonality,0.44759226525472595
pm_average_pitch_hz,muspy_n_pitches_used,0.44609096130694725
pm_tempo_bpm,theory_general_tonality,0.4440073513293141
muspy_groove_consistency,theory_conjuction_melody_motion,0.4426992620340702
pm_length_seconds,pm_interval_range_max,0.4345075342558049
pm_length_seconds,pm_average_pitch_hz,0.43388942867759006
pm_bar_count,muspy_pitch_entropy,0.4334297313037627
pm_average_polyphony,pm_bar_count,0.43229118113317133
pm_energy,pm_bar_count,0.4296560291057965
pm_interval_range_min,muspy_polyphony,0.4292557680207669
muspy_groove_consistency,theory_limited_macroharmony,0.42672677679567883
pm_groove,pm_bar_count,0.42525169234935145
muspy_polyphony,muspy_pitch_entropy,0.42411304166785113
pm_energy,muspy_pitch_class_entropy,0.41964997014115024
pm_average_polyphony,muspy_n_pitches_used,0.41857310082017873
muspy_pitch_range,theory_centricity,0.41807044682057626
pm_energy,theory_conjuction_melody_motion,0.41775627458760756
pm_interval_range_max,pm_average_polyphony,0.4173098841094567
pm_average_pitch_hz,pm_interval_range_min,0.4146230689686554
pm_pitch_range_max_note,pm_tempo_bpm,0.4124471286188749
pm_tempo_bpm,theory_centricity,0.41106298854235
pm_groove,muspy_polyphony,0.4109228966529921
pm_interval_range_max,muspy_polyphony,0.4103127312388928
pm_length_seconds,pm_pitch_range_max_note,0.405116563595989
pm_groove,theory_centricity,0.4034167898063865
pm_energy,theory_limited_macroharmony,0.4012372396731685
pm_tempo_bpm,muspy_empty_measure_rate,0.3991348878116803
pm_tempo_bpm,muspy_empty_beat_rate,0.3991348878116803
pm_average_pitch_hz,pm_interval_range_max,0.39544493286589333
muspy_n_pitch_classes_used,theory_conjuction_melody_motion,0.3948709844837621
pm_tempo_bpm,muspy_n_pitch_classes_used,0.3944858319378928
pm_groove,theory_general_tonality,0.3932397288101437
pm_pitch_range_min_freq,pm_average_velocity,0.3857555781080664
pm_interval_range_min,pm_note_density,0.38542002592713276
pm_groove,theory_conjuction_melody_motion,0.3844111293178867
pm_interval_range_max,pm_note_density,0.3840495259872916
pm_pitch_range_max_freq,pm_tempo_bpm,0.3832700337242354
pm_pitch_range_max_note,pm_average_velocity,0.38214380014472704
pm_pitch_range_min_note,pm_average_velocity,0.381762791983034
pm_length_seconds,pm_pitch_range_max_freq,0.3815915825189604
pm_pitch_range_max_freq,muspy_pitch_entropy,0.3795350805269959
pm_energy,muspy_pitch_range,0.3781917906530827
pm_tempo_bpm,muspy_pitch_range,0.37793958232416003
pm_average_polyphony,theory_conjuction_melody_motion,0.3752887661891102
pm_groove,muspy_n_pitch_classes_used,0.3728022466873093
pm_average_velocity,muspy_pitch_range,0.37191312352659756
pm_note_count,muspy_pitch_range,0.36667418172963817
muspy_n_pitch_classes_used,theory_general_tonality,0.3666361252895016
pm_groove,muspy_empty_beat_rate,0.36479362258151316
pm_groove,muspy_empty_measure_rate,0.36479362258151316
muspy_scale_consistency,muspy_pitch_class_entropy,0.3644887969757096
pm_pitch_range_max_freq,pm_average_velocity,0.3643594991134611
pm_interval_range_min,muspy_n_pitch_classes_used,0.363084956768422
pm_bar_count,muspy_empty_measure_rate,0.36196983149422124
pm_bar_count,muspy_empty_beat_rate,0.36196983149422124
pm_note_count,muspy_empty_beat_rate,0.3600375886797442
pm_note_count,muspy_empty_measure_rate,0.3600375886797442
muspy_pitch_range,muspy_groove_consistency,0.3599646119671509
pm_note_count,pm_interval_range_min,0.35550705428062424
pm_average_pitch_hz,pm_note_density,0.35425649648550417
pm_length_seconds,muspy_polyphony,0.3542193945555683
pm_bar_count,theory_conjuction_melody_motion,0.353841444578876
muspy_n_pitches_used,muspy_polyphony,0.3521738539327921
pm_average_pitch_hz,pm_average_velocity,0.35101785978846145
pm_pitch_range_max_note,muspy_pitch_entropy,0.35090165331534795
pm_pitch_range_min_freq,pm_note_density,0.3504039967243
muspy_n_pitch_classes_used,theory_limited_macroharmony,0.34933883730458604
muspy_polyphony,theory_conjuction_melody_motion,0.3446744921159204
pm_average_polyphony,theory_general_tonality,0.3429377467562227
pm_bar_count,muspy_n_pitch_classes_used,0.3428924245477365
pm_interval_range_max,pm_groove,0.33989559285818904
pm_interval_range_max,muspy_pitch_class_entropy,0.339394952330363
pm_groove,theory_limited_macroharmony,0.3384298630345919
pm_average_velocity,theory_centricity,0.3383086968987623
pm_average_velocity,muspy_pitch_entropy,0.3363622477968242
pm_interval_range_min,theory_centricity,0.33541994872920533
pm_average_velocity,muspy_empty_measure_rate,0.33347252396592086
pm_average_velocity,muspy_empty_beat_rate,0.33347252396592086
pm_bar_count,theory_general_tonality,0.33244500146786127
pm_note_density,muspy_polyphony,0.33220503393461254
muspy_polyphony,theory_general_tonality,0.32985006234672687
pm_pitch_range_min_note,pm_note_density,0.3287124189357491
pm_pitch_range_min_freq,muspy_pitch_entropy,0.32805232952506724
pm_length_seconds,pm_interval_range_min,0.3274143901361217
pm_pitch_range_max_note,pm_note_density,0.32719257451218287
pm_pitch_range_max_freq,pm_note_density,0.3263905490246697
pm_energy,muspy_empty_beat_rate,0.325582699293574
pm_energy,muspy_empty_measure_rate,0.325582699293574
pm_interval_range_max,pm_energy,0.32152353080373963
pm_average_velocity,pm_interval_range_min,0.3199283829601507
pm_pitch_range_min_note,muspy_groove_consistency,0.3195448094377227
pm_interval_range_min,pm_groove,0.3194175655176199
pm_pitch_range_min_note,muspy_pitch_class_entropy,0.31350071877311025
pm_pitch_range_min_note,muspy_pitch_entropy,0.31216500653060253
muspy_pitch_range,theory_limited_macroharmony,0.3110343277682226
pm_average_pitch_hz,muspy_groove_consistency,0.3073909200493361
pm_interval_range_max,pm_tempo_bpm,0.3072297141171929
pm_tempo_bpm,muspy_n_pitches_used,0.3053121436080004
pm_pitch_range_min_freq,muspy_pitch_class_entropy,0.3050954467989513
pm_interval_range_min,pm_max_polyphony,0.304677771780713
pm_energy,muspy_n_pitches_used,0.30203349997603945
pm_pitch_range_max_note,pm_energy,0.3012567617952735
pm_pitch_range_max_freq,pm_groove,0.29992073162706445
pm_pitch_range_min_freq,pm_groove,0.2994160935702199
pm_interval_range_max,theory_centricity,0.2981141132720171
pm_average_pitch_hz,theory_general_tonality,0.2978657177204207
pm_pitch_range_max_freq,pm_energy,0.29451328229967055
pm_pitch_range_min_note,pm_groove,0.29366265589862994
pm_average_polyphony,theory_centricity,0.291745144083813
pm_pitch_range_min_freq,pm_bar_count,0.2916324001161894
pm_bar_count,theory_centricity,0.2915450406363065
pm_pitch_range_max_freq,muspy_groove_consistency,0.28991963703933976
pm_average_velocity,muspy_pitch_class_entropy,0.2877402288261588
pm_average_pitch_hz,pm_bar_count,0.2861544622751273
pm_pitch_range_max_note,pm_groove,0.2855904491403205
pm_average_pitch_hz,pm_groove,0.2835711365635887
pm_average_velocity,theory_general_tonality,0.2831006324046088
pm_average_velocity,theory_conjuction_melody_motion,0.28223698307433764
pm_average_pitch_hz,theory_conjuction_melody_motion,0.28143774185893733
pm_average_velocity,pm_interval_range_max,0.28137548998419426
muspy_n_pitch_classes_used,muspy_scale_consistency,0.27901858256901546
pm_interval_range_min,pm_tempo_bpm,0.27480763212226966
pm_average_pitch_hz,theory_limited_macroharmony,0.2747295749078189
pm_pitch_range_min_note,pm_bar_count,0.27337919126723254
pm_average_velocity,muspy_n_pitches_used,0.27194843661384827
pm_pitch_range_max_note,pm_interval_range_min,0.2715094976268575
pm_interval_range_min,muspy_groove_consistency,0.2703675684358231
pm_pitch_range_min_freq,muspy_groove_consistency,0.26989592885891645
pm_average_pitch_hz,pm_energy,0.2686064179590488
pm_pitch_range_max_freq,muspy_pitch_class_entropy,0.26801779148292004
pm_tempo_bpm,theory_limited_macroharmony,0.2645553024955496
pm_pitch_range_max_note,pm_interval_range_max,0.2632940247993103
pm_pitch_range_max_note,muspy_groove_consistency,0.26214882628800096
pm_tempo_bpm,muspy_polyphony,0.26205442457235506
pm_interval_range_max,muspy_n_pitch_classes_used,0.26060774537951303
pm_pitch_range_max_freq,pm_interval_range_min,0.260414152602054
pm_pitch_range_max_freq,pm_average_polyphony,0.25840010404957425
pm_interval_range_max,muspy_groove_consistency,0.2573960363787098
pm_pitch_range_max_note,theory_centricity,0.25739124963424764
pm_pitch_range_min_freq,muspy_n_pitches_used,0.2554841268799688
pm_average_pitch_hz,pm_average_polyphony,0.25484379360399334
pm_pitch_range_max_freq,pm_interval_range_max,0.2516170091357597
pm_note_count,pm_average_pitch_hz,0.2477555838010339
muspy_pitch_entropy,muspy_empty_beat_rate,0.2465479566583193
muspy_pitch_entropy,muspy_empty_measure_rate,0.2465479566583193
pm_energy,muspy_n_pitch_classes_used,0.24364948324609337
pm_pitch_range_min_freq,pm_interval_range_max,0.2431434313737033
pm_pitch_range_max_note,theory_conjuction_melody_motion,0.24084504799700923
pm_pitch_range_max_note,muspy_pitch_class_entropy,0.24065954385808963
pm_pitch_range_max_freq,muspy_n_pitches_used,0.2406469976895993
pm_bar_count,theory_limited_macroharmony,0.24033790586275083
pm_average_pitch_hz,theory_centricity,0.23947550089394642
pm_pitch_range_min_freq,muspy_n_pitch_classes_used,0.23697285965516235
muspy_n_pitches_used,muspy_empty_beat_rate,0.23599676228348798
muspy_n_pitches_used,muspy_empty_measure_rate,0.23599676228348798
pm_interval_range_max,pm_max_polyphony,0.23597639166626383
pm_pitch_range_min_note,pm_interval_range_max,0.2354966293226295
pm_energy,muspy_polyphony,0.23500900851344664
pm_average_polyphony,muspy_pitch_class_entropy,0.2339077162154659
pm_groove,pm_max_polyphony,0.23299566397491756
muspy_polyphony,theory_centricity,0.23264986604474336
pm_pitch_range_min_note,pm_interval_range_min,0.23244079514148952
pm_interval_range_min,pm_energy,0.2319485300230073
pm_max_polyphony,muspy_pitch_range,0.23093392262392465
pm_pitch_range_max_note,pm_average_polyphony,0.22992715054182966
pm_pitch_range_min_note,pm_average_polyphony,0.22926433499744547
pm_average_velocity,muspy_n_pitch_classes_used,0.22923599002844064
pm_pitch_range_min_note,muspy_n_pitches_used,0.22792643730642936
pm_pitch_range_max_note,theory_general_tonality,0.2269634102663698
pm_pitch_range_max_note,muspy_n_pitches_used,0.22295377077656875
pm_note_count,pm_interval_range_max,0.2214944127313685
pm_pitch_range_max_freq,theory_centricity,0.2210216324669867
pm_note_count,pm_pitch_range_min_note,0.22061222969692862
pm_pitch_range_max_freq,theory_conjuction_melody_motion,0.21999203383940502
pm_average_velocity,theory_limited_macroharmony,0.21976970805666873
pm_note_count,pm_pitch_range_min_freq,0.21887014918351388
pm_pitch_range_min_freq,pm_average_polyphony,0.2162973905106389
pm_max_polyphony,muspy_pitch_entropy,0.21532791451987965
pm_average_velocity,muspy_polyphony,0.21311928261605928
muspy_scale_consistency,muspy_pitch_entropy,0.21253993091371548
pm_bar_count,muspy_n_pitches_used,0.2121816035897246
pm_max_polyphony,pm_note_density,0.21096796520695804
pm_pitch_range_max_freq,muspy_n_pitch_classes_used,0.20734201254722118
pm_pitch_range_max_note,muspy_n_pitch_classes_used,0.20134242483571807
muspy_scale_consistency,muspy_groove_consistency,0.2008029748633413
pm_note_count,muspy_scale_consistency,0.19971954332945563
muspy_pitch_class_entropy,muspy_empty_beat_rate,0.19613959324610875
muspy_pitch_class_entropy,muspy_empty_measure_rate,0.19613959324610875
muspy_polyphony,muspy_groove_consistency,0.19452228416973516
pm_bar_count,muspy_pitch_range,0.19373343262705012
pm_interval_range_min,theory_limited_macroharmony,0.19361466502347158
pm_pitch_range_min_note,muspy_n_pitch_classes_used,0.19211862351262887
pm_average_polyphony,muspy_n_pitch_classes_used,0.18886279755261093
pm_pitch_range_max_note,pm_bar_count,0.18821024969059597
pm_length_seconds,muspy_scale_consistency,0.18376656673612501
pm_pitch_range_min_freq,pm_interval_range_min,0.18370313208024047
pm_interval_range_max,theory_limited_macroharmony,0.18349621968147156
pm_pitch_range_min_note,pm_energy,0.18265096704307426
pm_max_polyphony,theory_conjuction_melody_motion,0.1824039363250689
pm_tempo_bpm,muspy_scale_consistency,0.181713818623511
pm_energy,pm_max_polyphony,0.18025904542968352
pm_max_polyphony,theory_general_tonality,0.17887169045758755
pm_pitch_range_min_freq,pm_energy,0.17885325498561855
pm_pitch_range_max_freq,pm_bar_count,0.1770333641699824
pm_pitch_range_max_freq,theory_general_tonality,0.17606838997165708
pm_pitch_range_min_note,theory_conjuction_melody_motion,0.17353927649705359
pm_pitch_range_min_freq,theory_conjuction_melody_motion,0.16856512948651536
pm_note_count,muspy_polyphony,0.16672230840028845
pm_interval_range_max,pm_bar_count,0.1654389976774988
pm_interval_range_min,pm_bar_count,0.1642689771053778
muspy_n_pitch_classes_used,muspy_empty_measure_rate,0.16267766510465353
muspy_n_pitch_classes_used,muspy_empty_beat_rate,0.16267766510465353
pm_pitch_range_min_note,theory_general_tonality,0.16202609398261814
pm_pitch_range_min_note,muspy_polyphony,0.16178919705756556
pm_note_count,pm_pitch_range_max_note,0.16168279066921087
pm_pitch_range_min_note,theory_limited_macroharmony,0.1612397237560046
pm_note_count,pm_pitch_range_max_freq,0.1608218783809625
pm_average_polyphony,theory_limited_macroharmony,0.15968721429195654
pm_average_pitch_hz,muspy_polyphony,0.15654829134449155
pm_pitch_range_min_freq,muspy_polyphony,0.15426580433100323
muspy_pitch_range,muspy_empty_measure_rate,0.1541103972481963
muspy_pitch_range,muspy_empty_beat_rate,0.1541103972481963
pm_pitch_range_max_note,muspy_polyphony,0.15319032865360427
pm_pitch_range_min_freq,theory_limited_macroharmony,0.1503822840887694
pm_pitch_range_min_note,theory_centricity,0.14973856762394266
pm_pitch_range_max_freq,muspy_polyphony,0.14886403413735083
pm_bar_count,muspy_polyphony,0.14589250416720745
pm_bar_count,muspy_scale_consistency,0.14520362042454993
pm_pitch_range_min_freq,muspy_empty_measure_rate,0.14515121158227728
pm_pitch_range_min_freq,muspy_empty_beat_rate,0.14515121158227728
pm_note_density,muspy_scale_consistency,0.13926690941638054
muspy_n_pitches_used,muspy_scale_consistency,0.13336308329299618
pm_pitch_range_min_freq,theory_centricity,0.13278933766139378
muspy_n_pitch_classes_used,muspy_polyphony,0.13227779142370188
pm_max_polyphony,muspy_n_pitches_used,0.1296575686903716
pm_pitch_range_min_freq,theory_general_tonality,0.12273688812228922
pm_average_pitch_hz,muspy_scale_consistency,0.12253661698084439
muspy_empty_beat_rate,theory_conjuction_melody_motion,0.12174505084383247
muspy_empty_measure_rate,theory_conjuction_melody_motion,0.12174505084383247
pm_pitch_range_min_note,muspy_empty_measure_rate,0.120812848113097
pm_pitch_range_min_note,muspy_empty_beat_rate,0.120812848113097
muspy_scale_consistency,theory_centricity,0.11637715940879145
pm_length_seconds,pm_max_polyphony,0.1138763122116071
pm_interval_range_min,muspy_empty_beat_rate,0.11354027525578836
pm_interval_range_min,muspy_empty_measure_rate,0.11354027525578836
muspy_polyphony,muspy_pitch_class_entropy,0.11339629051698674
pm_pitch_range_max_note,theory_limited_macroharmony,0.11055195857841582
pm_groove,muspy_scale_consistency,0.10957690428738776
pm_interval_range_max,muspy_empty_measure_rate,0.10550325137024164
pm_interval_range_max,muspy_empty_beat_rate,0.10550325137024164
pm_average_velocity,pm_max_polyphony,0.10522170416749432
pm_average_pitch_hz,muspy_empty_beat_rate,0.10457006576491423
pm_average_pitch_hz,muspy_empty_measure_rate,0.10457006576491423
muspy_empty_beat_rate,theory_centricity,0.10456563551393838
muspy_empty_measure_rate,theory_centricity,0.10456563551393838
muspy_polyphony,theory_limited_macroharmony,0.09930265448648168
muspy_empty_measure_rate,theory_general_tonality,0.09907464327946913
muspy_empty_beat_rate,theory_general_tonality,0.09907464327946913
muspy_scale_consistency,theory_general_tonality,0.09692827309905105
muspy_polyphony,muspy_empty_measure_rate,0.0931241570693242
muspy_polyphony,muspy_empty_beat_rate,0.0931241570693242
muspy_scale_consistency,theory_conjuction_melody_motion,0.0898680391889295
pm_max_polyphony,theory_centricity,0.08922397686372374
pm_energy,muspy_scale_consistency,0.08170585549829745
muspy_scale_consistency,theory_limited_macroharmony,0.07714428491590208
pm_average_pitch_hz,pm_max_polyphony,0.07535932136100332
pm_max_polyphony,pm_tempo_bpm,0.07011557968606752
muspy_pitch_range,muspy_scale_consistency,0.06902012696630866
pm_pitch_range_max_freq,theory_limited_macroharmony,0.06889561687224788
pm_pitch_range_max_freq,muspy_empty_beat_rate,0.066010939332239
pm_pitch_range_max_freq,muspy_empty_measure_rate,0.066010939332239
pm_average_velocity,muspy_scale_consistency,0.06345543162553824
pm_max_polyphony,muspy_groove_consistency,0.06307733264531312
pm_interval_range_max,muspy_scale_consistency,0.062069461555053884
muspy_empty_measure_rate,theory_limited_macroharmony,0.061971091479378515
muspy_empty_beat_rate,theory_limited_macroharmony,0.061971091479378515
pm_pitch_range_max_note,muspy_empty_measure_rate,0.061735408927479085
pm_pitch_range_max_note,muspy_empty_beat_rate,0.061735408927479085
pm_pitch_range_min_freq,muspy_scale_consistency,0.058850620541919696
pm_pitch_range_max_note,pm_max_polyphony,0.05692695204280529
muspy_scale_consistency,muspy_empty_beat_rate,0.048025552403232474
muspy_scale_consistency,muspy_empty_measure_rate,0.048025552403232474
pm_pitch_range_max_note,muspy_scale_consistency,0.047129484398923616
pm_pitch_range_min_note,muspy_scale_consistency,0.04677021739924747
pm_pitch_range_min_freq,pm_instrument_count,0.042494202378995816
pm_pitch_range_max_freq,muspy_scale_consistency,0.04181575624134526
pm_pitch_range_max_freq,pm_max_polyphony,0.03537435566145852
pm_note_count,pm_max_polyphony,0.03150501806232597
pm_pitch_range_min_note,pm_instrument_count,0.029253719407494216
pm_max_polyphony,pm_bar_count,0.0275562576862054
pm_pitch_range_min_freq,pm_max_polyphony,0.025618292004925713
pm_instrument_count,muspy_n_pitch_classes_used,0.02432983263054833
pm_pitch_range_min_note,pm_max_polyphony,0.023518643942078477
pm_max_polyphony,muspy_empty_beat_rate,0.021844871735252624
pm_max_polyphony,muspy_empty_measure_rate,0.021844871735252624
pm_max_polyphony,theory_limited_macroharmony,0.01292073799036153
pm_average_polyphony,muspy_scale_consistency,0.009813584159945599
pm_instrument_count,pm_note_density,0.00770851380069848
pm_max_polyphony,muspy_pitch_class_entropy,0.0071700112878438915
pm_instrument_count,muspy_pitch_range,0.00555214285873018
pm_instrument_count,muspy_pitch_entropy,0.005093865242719486
pm_groove,pm_instrument_count,0.004607629023619886
pm_length_seconds,pm_instrument_count,0.0035456435517273732
pm_energy,pm_instrument_count,0.003091242749884593
muspy_polyphony,muspy_scale_consistency,0.0028838287021319964
pm_instrument_count,muspy_polyphony,0.002408641630274655
pm_average_polyphony,pm_instrument_count,0.0011583244924500136
pm_instrument_count,pm_tempo_bpm,0.001143055462230036
pm_interval_range_min,muspy_scale_consistency,0.0008909135122987522
pm_average_velocity,pm_instrument_count,0.0
pm_interval_range_max,pm_instrument_count,0.0
pm_note_count,pm_instrument_count,0.0
pm_interval_range_min,pm_instrument_count,0.0
pm_average_pitch_hz,pm_instrument_count,0.0
pm_instrument_count,muspy_scale_consistency,0.0
pm_instrument_count,muspy_n_pitches_used,0.0
pm_instrument_count,pm_bar_count,0.0
pm_max_polyphony,muspy_scale_consistency,0.0
pm_max_polyphony,muspy_n_pitch_classes_used,0.0
pm_max_polyphony,pm_instrument_count,0.0
pm_pitch_range_max_freq,pm_instrument_count,0.0
pm_instrument_count,muspy_pitch_class_entropy,0.0
pm_instrument_count,theory_general_tonality,0.0
pm_pitch_range_max_note,pm_instrument_count,0.0
pm_instrument_count,muspy_empty_beat_rate,0.0
pm_instrument_count,muspy_groove_consistency,0.0
pm_instrument_count,muspy_empty_measure_rate,0.0
pm_instrument_count,theory_centricity,0.0
pm_instrument_count,theory_limited_macroharmony,0.0
pm_instrument_count,theory_conjuction_melody_motion,0.0
